﻿<parameters>
  <parameter name="IIS Web Application Name" defaultValue="Default Web Site/Web.Library_deploy" tags="IisApp">
    <parameterEntry kind="ProviderPath" scope="IisApp" match="^C:\\Users\\Artizani\\Documents\\Visual\ Studio\ 2012\\Projects\\Genesis\\Web\.Library\\obj\\Release\\Package\\PackageTmp$" />
    <parameterEntry kind="ProviderPath" scope="setAcl" match="^C:\\Users\\Artizani\\Documents\\Visual\ Studio\ 2012\\Projects\\Genesis\\Web\.Library\\obj\\Release\\Package\\PackageTmp$" />
  </parameter>
  <parameter name="ApplicationServices-Web.config Connection String" defaultValue="data source=.\SQLEXPRESS;Integrated Security=SSPI;AttachDBFilename=|DataDirectory|aspnetdb.mdf;User Instance=true">
    <parameterEntry kind="XmlFile" scope="C:\\Users\\Artizani\\Documents\\Visual\ Studio\ 2012\\Projects\\Genesis\\Web\.Library\\obj\\Release\\Package\\PackageTmp\\Web\.config$" match="/configuration/connectionStrings/add[@name='ApplicationServices']/@connectionString" />
  </parameter>
  <parameter name="DevOnly-Web.config Connection String" defaultValue="Data Source=WINTOSH;Initial Catalog=DevOnly;Integrated Security=True;MultipleActiveResultSets=True;Application Name=EntityFramework">
    <parameterEntry kind="XmlFile" scope="C:\\Users\\Artizani\\Documents\\Visual\ Studio\ 2012\\Projects\\Genesis\\Web\.Library\\obj\\Release\\Package\\PackageTmp\\Web\.config$" match="/configuration/connectionStrings/add[@name='DevOnly']/@connectionString" />
  </parameter>
  <parameter name="DevOnlyEntities-Web.config Connection String" defaultValue="metadata=res://*/Asset.csdl|res://*/Asset.ssdl|res://*/Asset.msl;provider=System.Data.SqlClient;provider connection string=&quot;data source=WINTOSH;initial catalog=DevOnly;integrated security=True;multipleactiveresultsets=True;App=EntityFramework&quot;">
    <parameterEntry kind="XmlFile" scope="C:\\Users\\Artizani\\Documents\\Visual\ Studio\ 2012\\Projects\\Genesis\\Web\.Library\\obj\\Release\\Package\\PackageTmp\\Web\.config$" match="/configuration/connectionStrings/add[@name='DevOnlyEntities']/@connectionString" />
  </parameter>
</parameters>